{
  "_fv": 34,
  "_type": "fluid",
  "definition": {
    "name": "Concentrated Liquid Anabh",
    "bucketName": "Concentrated Liquid Anabh Bucket",
    "textureStill": "concentratedliquidanabh2",
    "textureFlowing": "concentratedliquidanabh2flow",
    "tintType": "No tint",
    "canMultiply": false,
    "flowRate": 3,
    "levelDecrease": 1,
    "slopeFindDistance": 4,
    "spawnParticles": false,
    "dripParticle": {
      "value": "WATER_DROP"
    },
    "flowStrength": 3.0,
    "luminosity": 1,
    "density": 1000,
    "viscosity": 1000,
    "temperature": 400,
    "type": "WATER",
    "generateBucket": true,
    "textureBucket": "concentrated_liquid_anabh_bucket",
    "creativeTab": {
      "value": "MISC"
    },
    "emptySound": {
      "value": "item.bucket.empty_lava"
    },
    "rarity": "COMMON",
    "specialInfo": [
      "It is pure magic",
      "concentrated into a liquid. The Batlogo of Maka drink it."
    ],
    "resistance": 100.0,
    "luminance": 0,
    "lightOpacity": 1,
    "emissiveRendering": false,
    "tickRate": 10,
    "flammability": 0,
    "fireSpreadSpeed": 0,
    "colorOnMap": "DEFAULT",
    "frequencyOnChunks": 5,
    "spawnWorldTypes": [
      "CUSTOM:Maka"
    ],
    "restrictionBiomes": []
  }
}