{
  "_fv": 34,
  "_type": "gui",
  "definition": {
    "type": 0,
    "width": 176,
    "height": 166,
    "inventoryOffsetX": 0,
    "inventoryOffsetY": 0,
    "renderBgLayer": true,
    "doesPauseGame": false,
    "components": [
      {
        "type": "label",
        "data": {
          "text": "Dimension travel orb",
          "color": {
            "value": -12829636,
            "falpha": 0.0
          },
          "name": "Dimension travel orb",
          "x": 133,
          "y": 44
        }
      },
      {
        "type": "button",
        "data": {
          "text": "Maka",
          "onClick": {
            "name": "TeleportToMaka"
          },
          "width": 46,
          "height": 20,
          "name": "Maka",
          "x": 177,
          "y": 85
        }
      },
      {
        "type": "button",
        "data": {
          "text": "Surface",
          "onClick": {
            "name": "TeleportToSurface"
          },
          "width": 61,
          "height": 20,
          "name": "Surface",
          "x": 133,
          "y": 59
        }
      },
      {
        "type": "button",
        "data": {
          "text": "Nether",
          "onClick": {
            "name": "TeleportToNether"
          },
          "width": 56,
          "height": 20,
          "name": "Nether",
          "x": 198,
          "y": 59
        }
      },
      {
        "type": "button",
        "data": {
          "text": "End",
          "onClick": {
            "name": "TeleportToEnd"
          },
          "width": 40,
          "height": 20,
          "name": "End",
          "x": 133,
          "y": 85
        }
      }
    ],
    "gridSettings": {
      "sx": 18,
      "sy": 18,
      "ox": 11,
      "oy": 15,
      "snapOnGrid": false
    }
  }
}