{
  "_fv": 34,
  "_type": "villagertrade",
  "definition": {
    "tradeEntries": [
      {
        "villagerProfession": {
          "value": "CLERIC"
        },
        "entries": [
          {
            "price1": {
              "value": "Items.EMERALD"
            },
            "countPrice1": 1,
            "price2": {
              "value": "Blocks.COBBLESTONE"
            },
            "countPrice2": 64,
            "offer": {
              "value": "CUSTOM:MakaStone"
            },
            "countOffer": 4,
            "level": 1,
            "maxTrades": 10,
            "xp": 5,
            "priceMultiplier": 0.05
          }
        ]
      }
    ]
  }
}