{
  "_fv": 34,
  "_type": "dimension",
  "definition": {
    "biomesInDimension": [
      {
        "value": "CUSTOM:MakaMain"
      },
      {
        "value": "CUSTOM:MakaForest"
      }
    ],
    "worldGenType": "Normal world gen",
    "mainFillerBlock": {
      "value": "CUSTOM:MakaStone"
    },
    "fluidBlock": {
      "value": "CUSTOM:ConcentratedLiquidAnabh"
    },
    "airColor": {
      "value": -3394816,
      "falpha": 0.0
    },
    "canRespawnHere": true,
    "hasFog": false,
    "isDark": false,
    "doesWaterVaporize": false,
    "sleepResult": "ALLOW",
    "hasSkyLight": false,
    "imitateOverworldBehaviour": false,
    "portalFrame": {
      "value": "CUSTOM:MakaStone"
    },
    "portalParticles": {
      "value": "FLAME"
    },
    "portalLuminance": 2,
    "portalSound": {
      "value": "block.portal.ambient"
    },
    "igniterName": "Maka Portal Igniter",
    "igniterTab": {
      "value": "TOOLS"
    },
    "texture": "maka_portal_ingiter",
    "portalTexture": "makaportal",
    "enablePortal": true
  }
}