{
  "_fv": 34,
  "_type": "tool",
  "definition": {
    "renderType": 0,
    "texture": "true_ysian_sword",
    "customModelName": "Normal",
    "name": "True Ysian Sword",
    "specialInfo": [],
    "creativeTab": {
      "value": "TOOLS"
    },
    "toolType": "Sword",
    "harvestLevel": 2,
    "efficiency": 4.0,
    "attackSpeed": 50.0,
    "enchantability": 13,
    "damageVsEntity": 8.0,
    "usageCount": 270,
    "blocksAffected": [],
    "hasGlow": false,
    "repairItems": [
      {
        "value": "Items.IRON_SWORD"
      },
      {
        "value": "CUSTOM:YsianSword"
      }
    ],
    "immuneToFire": false,
    "stayInGridWhenCrafting": false,
    "damageOnCrafting": false
  }
}