{
  "_fv": 34,
  "_type": "tool",
  "definition": {
    "renderType": 0,
    "texture": "ysian_shovel",
    "customModelName": "Normal",
    "name": "Ysian Shovel",
    "specialInfo": [],
    "creativeTab": {
      "value": "TOOLS"
    },
    "toolType": "Spade",
    "harvestLevel": 1,
    "efficiency": 6.0,
    "attackSpeed": 1.0,
    "enchantability": 12,
    "damageVsEntity": 4.0,
    "usageCount": 220,
    "blocksAffected": [],
    "hasGlow": false,
    "repairItems": [
      {
        "value": "Items.IRON_SHOVEL"
      }
    ],
    "immuneToFire": false,
    "stayInGridWhenCrafting": true,
    "damageOnCrafting": false
  }
}