{
  "_fv": 34,
  "_type": "recipe",
  "definition": {
    "recipeType": "Crafting",
    "xpReward": 0.0,
    "cookingTime": 200,
    "recipeRetstackSize": 1,
    "group": "ysian",
    "recipeShapeless": false,
    "recipeSlots": [
      {
        "value": ""
      },
      {
        "value": "CUSTOM:YsianStone"
      },
      {
        "value": ""
      },
      {
        "value": ""
      },
      {
        "value": "Items.STICK"
      },
      {
        "value": ""
      },
      {
        "value": ""
      },
      {
        "value": "Items.STICK"
      },
      {
        "value": ""
      }
    ],
    "recipeReturnStack": {
      "value": "CUSTOM:YsianShovel"
    },
    "name": "ysian_shovel_r",
    "namespace": "mod"
  }
}