{
  "_fv": 34,
  "_type": "tool",
  "definition": {
    "renderType": 0,
    "texture": "ysian_hoe",
    "customModelName": "Normal",
    "name": "Ysian Hoe",
    "specialInfo": [],
    "creativeTab": {
      "value": "TOOLS"
    },
    "toolType": "Hoe",
    "harvestLevel": 1,
    "efficiency": 6.0,
    "attackSpeed": 1.0,
    "enchantability": 12,
    "damageVsEntity": 4.0,
    "usageCount": 220,
    "blocksAffected": [],
    "hasGlow": false,
    "repairItems": [],
    "immuneToFire": false,
    "stayInGridWhenCrafting": false,
    "damageOnCrafting": false
  }
}