{
  "_fv": 34,
  "_type": "tool",
  "definition": {
    "renderType": 0,
    "texture": "ysian_sword",
    "customModelName": "Normal",
    "name": "Ysian Sword",
    "specialInfo": [],
    "creativeTab": {
      "value": "TOOLS"
    },
    "toolType": "Sword",
    "harvestLevel": 0,
    "efficiency": 4.0,
    "attackSpeed": 1.4,
    "enchantability": 2,
    "damageVsEntity": 4.0,
    "usageCount": 220,
    "blocksAffected": [],
    "hasGlow": false,
    "repairItems": [
      {
        "value": "Items.IRON_SWORD"
      }
    ],
    "immuneToFire": false,
    "stayInGridWhenCrafting": false,
    "damageOnCrafting": false
  }
}