{
  "display": {
    "icon": {
      "item": "kygish:orb_of_dimensions"
    },
    "title": {
      "translate": "advancements.dimension_hopper.title"
    },
    "description": {
      "translate": "advancements.dimension_hopper.descr"
    },
    "frame": "task",
    "show_toast": true,
    "announce_to_chat": true,
    "hidden": false
  },
  "criteria": {
    "dimension_hopper": {
      "trigger": "minecraft:inventory_changed",
      "conditions": {
        "items": [
          {
            "items": [
              "kygish:orb_of_dimensions"
            ],
            "count": {
              "min": 1,
              "max": 1
            }
          }
        ]
      }
    }
  },
  "parent": "kygish:hot_to_the_touch"
}