{
  "display": {
    "background": "minecraft:textures/block/stone.png",
    "icon": {
      "item": "kygish:maka_stone"
    },
    "title": {
      "translate": "advancements.hot_to_the_touch.title"
    },
    "description": {
      "translate": "advancements.hot_to_the_touch.descr"
    },
    "frame": "task",
    "show_toast": true,
    "announce_to_chat": true,
    "hidden": false
  },
  "criteria": {
    "hot_to_the_touch": {
      "trigger": "minecraft:placed_block",
      "conditions": {
        "item": {
          "items": [
            "kygish:maka_stone"
          ]
        }
      }
    }
  }
}