{
  "group": "ysian",
  "type": "minecraft:crafting_shaped",
  "pattern": [
    "012",
    " 4 ",
    "67 "
  ],
  "key": {
    "0": {
      "item": "kygish:refined_ysian_stone_ingot"
    },
    "1": {
      "item": "kygish:refined_ysian_stone_ingot"
    },
    "2": {
      "item": "minecraft:iron_ingot"
    },
    "4": {
      "item": "minecraft:stick"
    },
    "6": {
      "item": "minecraft:iron_ingot"
    },
    "7": {
      "item": "kygish:refined_ysian_stone_ingot"
    }
  },
  "result": {
    "item": "kygish:true_ysian_sword",
    "count": 1
  }
}